X ; web ; php ; sql ; mysql ; apache ; http ; html
C1 ; 0 ; 0.230769 ; 0 ; 0 ; 0.153846 ; 0.0769231 ; 0.153846
C2 ; 0.153846 ; 0.153846 ; 0 ; 0 ; 0 ; 0 ; 0
C3 ; 0 ; 0 ; 0.153846 ; 0 ; 0 ; 0 ; 0.153846
C4 ; 0 ; 0.230769 ; 0.153846 ; 0.153846 ; 0.153846 ; 0 ; 0
C5 ; 0.153846 ; 0 ; 0 ; 0.153846 ; 0 ; 0 ; 0
