Objects;Weight
web;0.307692
php;0.461538
sql;0.307692
mysql;0.307692
apache;0.307692
http;0.153846
html;0.307692
