X ; web ; php ; sql ; mysql ; apache ; http ; html
C1 ; 0 ; 0.375 ; 0 ; 0 ; 0.285714 ; 0.166667 ; 0.285714
C2 ; 0.333333 ; 0.25 ; 0 ; 0 ; 0 ; 0 ; 0
C3 ; 0 ; 0 ; 0.333333 ; 0 ; 0 ; 0 ; 0.333333
C4 ; 0 ; 0.333333 ; 0.25 ; 0.25 ; 0.25 ; 0 ; 0
C5 ; 0.333333 ; 0 ; 0 ; 0.333333 ; 0 ; 0 ; 0
