X ; web ; php ; sql ; mysql ; apache ; http ; html
web ; 1 ; 0.25 ; 0.142857 ; 0.333333 ; 0.142857 ; 0.2 ; 0.142857
php ; 0.25 ; 1 ; 0.25 ; 0.25 ; 0.666667 ; 0.333333 ; 0.25
sql ; 0.142857 ; 0.25 ; 1 ; 0.333333 ; 0.333333 ; 0.2 ; 0.333333
mysql ; 0.333333 ; 0.25 ; 0.333333 ; 1 ; 0.333333 ; 0.2 ; 0.142857
apache ; 0.142857 ; 0.666667 ; 0.333333 ; 0.333333 ; 1 ; 0.5 ; 0.333333
http ; 0.2 ; 0.333333 ; 0.2 ; 0.2 ; 0.5 ; 1 ; 0.5
html ; 0.142857 ; 0.25 ; 0.333333 ; 0.142857 ; 0.333333 ; 0.5 ; 1
