Attributes;Weight
C1;0.384615
C2;0.307692
C3;0.307692
C4;0.461538
C5;0.307692
